{"epoch": 89, "train_loss": 3.3156059490790795, "train_lr": 0.0010000000000000002, "train_dataset_preprocessing_time": 0.3941984176635742, "train_train_time": 1085.183410167694, "train_epoch_time": 1085.5776085853577, "train_total_time": 46115.85661625862, "train_num_train_samples": 1281167, "train_num_augmented_samples": 1281167, "train_data_utilization": 40.15468362481672, "train_augmentation_utilization": 19.982778721795572, "eval_loss": 1.5601179289245606, "eval_top1": 62.818, "eval_top5": 84.636, "eval_best_epoch": 87, "eval_best_acc1": 62.848, "lr": 0.0010000000000000002, "_timestamp": 1723320522.2477612, "_runtime": 52254.89605426788, "_step": 89, "_wandb": {"runtime": 52255}}