{"epoch": 89, "train_loss": 1.2671239639429166, "train_lr": 0.0010000000000000002, "train_dataset_preprocessing_time": 0.16391921043395996, "train_train_time": 948.0194616317749, "train_epoch_time": 948.1833808422089, "train_total_time": 74755.59055781364, "train_num_train_samples": 1281167, "train_num_augmented_samples": 0, "train_data_utilization": 69.79623005171587, "train_augmentation_utilization": 0.0, "eval_loss": 1.2574647258758544, "eval_top1": 69.08, "eval_top5": 88.884, "eval_best_epoch": 89, "eval_best_acc1": 69.08, "lr": 0.0010000000000000002, "_timestamp": 1723455414.8762522, "_runtime": 80790.54625916481, "_step": 89, "_wandb": {"runtime": 80791}}