{"epoch": 89, "train_loss": 1.8168969329693716, "train_lr": 0.0010000000000000002, "train_dataset_preprocessing_time": 0.5796153545379639, "train_train_time": 1462.8093037605286, "train_epoch_time": 1463.3889191150665, "train_total_time": 50159.532002687454, "train_num_train_samples": 1281167, "train_num_augmented_samples": 1281167, "train_data_utilization": 43.309842597499866, "train_augmentation_utilization": 19.632209453481778, "eval_loss": 1.3608313184356688, "eval_top1": 66.308, "eval_top5": 87.776, "eval_best_epoch": 89, "eval_best_acc1": 66.308, "lr": 0.0010000000000000002, "_timestamp": 1723266443.0974174, "_runtime": 56092.80046629906, "_step": 89, "_wandb": {"runtime": 56094}}