{"epoch": 89, "train_loss": 1.5143535435914421, "train_lr": 0.0010000000000000002, "train_dataset_preprocessing_time": 0.24160552024841309, "train_train_time": 1241.956060409546, "train_epoch_time": 1242.1976659297943, "train_total_time": 38838.816831827164, "train_num_train_samples": 1281167, "train_num_augmented_samples": 0, "train_data_utilization": 34.413796171771516, "train_augmentation_utilization": 0.0, "eval_loss": 1.4107444400787355, "eval_top1": 65.042, "eval_top5": 86.986, "eval_best_epoch": 89, "eval_best_acc1": 65.042, "lr": 0.0010000000000000002, "_timestamp": 1723307993.7422392, "_runtime": 45053.449696302414, "_step": 89, "_wandb": {"runtime": 45054}}