{"epoch": 68, "train_loss": 5.967344572394534, "train_lr": 0.0010000000000000002, "train_dataset_preprocessing_time": 0.32668352127075195, "train_train_time": 461.0477919578552, "train_epoch_time": 461.374475479126, "train_total_time": 38369.16960000992, "train_num_train_samples": 381718, "train_num_augmented_samples": 0, "train_data_utilization": 36.23611027731137, "train_augmentation_utilization": 0.0, "eval_loss": 1.537278212890625, "eval_top1": 63.076, "eval_top5": 84.822, "lr": 0.0010000000000000002, "_timestamp": 1723091189.9293017, "_runtime": 43127.395716667175, "_step": 68, "_wandb": {"runtime": 43490}}