{"epoch": 89, "train_loss": 2.8676751974931753, "train_lr": 0.0010000000000000002, "train_dataset_preprocessing_time": 0.5556221008300781, "train_train_time": 1443.3189644813538, "train_epoch_time": 1443.8745865821838, "train_total_time": 57423.55018401146, "train_num_train_samples": 1281167, "train_num_augmented_samples": 1281167, "train_data_utilization": 45.03417587246628, "train_augmentation_utilization": 45.03417587246628, "eval_loss": 1.565254394378662, "eval_top1": 63.094, "eval_top5": 84.678, "lr": 0.0010000000000000002, "_timestamp": 1723111742.4323514, "_runtime": 63675.04043030739, "_step": 89, "_wandb": {"runtime": 63676}}