{"epoch": 2, "train_loss": 3.170117804805914, "train_lr": 0.1, "train_dataset_preprocessing_time": 0.1594865322113037, "train_train_time": 1113.6661241054535, "train_epoch_time": 1113.8256106376648, "train_total_time": 3408.169114112854, "train_num_train_samples": 1281167, "train_num_augmented_samples": 0, "train_data_utilization": 100.0, "train_augmentation_utilization": 0.0, "eval_loss": 2.7523749479675295, "eval_top1": 39.202, "eval_top5": 65.936, "lr": 0.1, "_timestamp": 1723024185.2008977, "_runtime": 3513.5046977996826, "_step": 2, "_wandb": {"runtime": 4419}}