{"epoch": 89, "train_loss": 1.8480233741718861, "train_lr": 0.0010000000000000002, "train_dataset_preprocessing_time": 0.30045104026794434, "train_train_time": 361.3090171813965, "train_epoch_time": 361.60946822166443, "train_total_time": 44909.26109933853, "train_num_train_samples": 448408, "train_num_augmented_samples": 448408, "train_data_utilization": 34.999964875773415, "train_augmentation_utilization": 34.999964875773415, "eval_loss": 1.3926007388305663, "eval_top1": 65.902, "eval_top5": 87.004, "eval_best_epoch": 82, "eval_best_acc1": 65.962, "lr": 0.0010000000000000002, "_timestamp": 1723449111.1104786, "_runtime": 51031.349551677704, "_step": 89, "_wandb": {"runtime": 51032}}