{"epoch": 89, "train_loss": 2.9526880637323276, "train_lr": 0.0010000000000000002, "train_dataset_preprocessing_time": 0.534470796585083, "train_train_time": 1461.566489458084, "train_epoch_time": 1462.1009602546692, "train_total_time": 51855.37736701965, "train_num_train_samples": 1281167, "train_num_augmented_samples": 1281167, "train_data_utilization": 44.64458228752033, "train_augmentation_utilization": 19.483901959871137, "eval_loss": 1.547011714553833, "eval_top1": 63.352, "eval_top5": 84.95, "eval_best_epoch": 89, "eval_best_acc1": 63.352, "lr": 0.0010000000000000002, "_timestamp": 1723268194.6014838, "_runtime": 57847.89393591881, "_step": 89, "_wandb": {"runtime": 57849}}