{"epoch": 0, "train_loss": 5.040276021060082, "train_lr": 0.1, "train_dataset_preprocessing_time": 0.18242359161376953, "train_train_time": 2633.8528864383698, "train_epoch_time": 2634.0353100299835, "train_total_time": 2687.394343137741, "train_num_train_samples": 1281167, "train_num_augmented_samples": 1281167, "train_data_utilization": 100.0, "train_augmentation_utilization": 100.0, "eval_loss": 4.013196206665039, "eval_top1": 20.032, "eval_top5": 43.13, "lr": 0.1, "_timestamp": 1722962010.090513, "_runtime": 2739.9208030700684, "_step": 0, "_wandb": {"runtime": 2749}}