{"epoch": 89, "train_loss": 1.7325223529031553, "train_lr": 0.0010000000000000002, "train_dataset_preprocessing_time": 0.3067331314086914, "train_train_time": 2519.5590121746063, "train_epoch_time": 2519.865745306015, "train_total_time": 108884.6565220356, "train_num_train_samples": 1281167, "train_num_augmented_samples": 1281167, "train_data_utilization": 45.84408416527882, "train_augmentation_utilization": 13.333333333333334, "eval_loss": 1.4418747082209586, "eval_top1": 65.076, "eval_top5": 86.672, "lr": 0.0010000000000000002, "_timestamp": 1722989177.4040825, "_runtime": 117679.86881947517, "_step": 89, "_wandb": {"runtime": 117680}}