{"epoch": 89, "train_loss": 1.7993726282939502, "train_lr": 0.0010000000000000002, "train_dataset_preprocessing_time": 0.3073244094848633, "train_train_time": 409.9054217338562, "train_epoch_time": 410.21274614334106, "train_total_time": 49938.077276945114, "train_num_train_samples": 512466, "train_num_augmented_samples": 512466, "train_data_utilization": 39.99993755693051, "train_augmentation_utilization": 39.99993755693051, "eval_loss": 1.3634787949371339, "eval_top1": 66.698, "eval_top5": 87.356, "eval_best_epoch": 86, "eval_best_acc1": 66.83, "lr": 0.0010000000000000002, "_timestamp": 1723452402.1640348, "_runtime": 55931.86693692207, "_step": 89, "_wandb": {"runtime": 55932}}