{"epoch": 79, "train_loss": 2.0233919091409533, "train_lr": 0.0010000000000000002, "train_dataset_preprocessing_time": 0.5658247470855713, "train_train_time": 1443.5192937850952, "train_epoch_time": 1444.0851185321808, "train_total_time": 44230.25485372543, "train_num_train_samples": 1281167, "train_num_augmented_samples": 1281167, "train_data_utilization": 36.16780735844742, "train_augmentation_utilization": 2.5, "eval_loss": 1.4213579570007324, "eval_top1": 64.62, "eval_top5": 86.866, "lr": 0.0010000000000000002, "_timestamp": 1723090802.9699352, "_runtime": 49726.54060506821, "_step": 79, "_wandb": {"runtime": 50477}}