{"epoch": 89, "train_loss": 2.421995409531149, "train_lr": 0.0010000000000000002, "train_dataset_preprocessing_time": 0.2240293025970459, "train_train_time": 1481.2434182167053, "train_epoch_time": 1481.4674475193024, "train_total_time": 61000.055075883865, "train_num_train_samples": 1281167, "train_num_augmented_samples": 0, "train_data_utilization": 44.0967805133913, "train_augmentation_utilization": 0.0, "eval_loss": 1.5172212071228028, "eval_top1": 64.174, "eval_top5": 85.156, "lr": 0.0010000000000000002, "_timestamp": 1723158864.1090977, "_runtime": 67197.66191577911, "_step": 89, "_wandb": {"runtime": 67198}}