{"epoch": 89, "train_loss": 1.3949273680708971, "train_lr": 0.0010000000000000002, "train_dataset_preprocessing_time": 0.25774312019348145, "train_train_time": 567.9994115829468, "train_epoch_time": 568.2571547031403, "train_total_time": 48478.55763578415, "train_num_train_samples": 576525, "train_num_augmented_samples": 0, "train_data_utilization": 44.99998829192447, "train_augmentation_utilization": 0.0, "eval_loss": 1.308942343673706, "eval_top1": 67.828, "eval_top5": 88.116, "eval_best_epoch": 87, "eval_best_acc1": 67.872, "lr": 0.0010000000000000002, "_timestamp": 1723390730.5506768, "_runtime": 54390.03952383995, "_step": 89, "_wandb": {"runtime": 54391}}