{"epoch": 89, "train_loss": 1.2836954543273227, "train_lr": 0.0010000000000000002, "train_dataset_preprocessing_time": 0.24127888679504395, "train_train_time": 1570.5437633991241, "train_epoch_time": 1570.7850422859192, "train_total_time": 136078.64250445366, "train_num_train_samples": 1281167, "train_num_augmented_samples": 0, "train_data_utilization": 100.0, "train_augmentation_utilization": 0.0, "eval_loss": 1.2257956951904296, "eval_top1": 69.684, "eval_top5": 89.382, "lr": 0.0010000000000000002, "_timestamp": 1723183303.2532387, "_runtime": 142221.97986769676, "_step": 89, "_wandb": {"runtime": 142222}}