{"epoch": 89, "train_loss": 3.2523720951849913, "train_lr": 0.0010000000000000002, "train_dataset_preprocessing_time": 0.3436596393585205, "train_train_time": 996.8684890270233, "train_epoch_time": 997.2121486663818, "train_total_time": 48838.34790229797, "train_num_train_samples": 1281167, "train_num_augmented_samples": 1281167, "train_data_utilization": 41.823467718624244, "train_augmentation_utilization": 41.823467718624244, "eval_loss": 1.5562081315612792, "eval_top1": 63.212, "eval_top5": 84.988, "eval_best_epoch": 89, "eval_best_acc1": 63.212, "lr": 0.0010000000000000002, "_timestamp": 1723327837.9882169, "_runtime": 54753.49199080467, "_step": 89, "_wandb": {"runtime": 54754}}