{"epoch": 4, "train_loss": 2.9378579340438438, "train_lr": 0.1, "train_dataset_preprocessing_time": 0.20335698127746582, "train_train_time": 530.210946559906, "train_epoch_time": 530.4143035411835, "train_total_time": 2796.6126189231873, "train_num_train_samples": 576525, "train_num_augmented_samples": 57652, "train_data_utilization": 44.99998829192447, "train_augmentation_utilization": 4.499959802274021, "eval_loss": 4.30736694442749, "eval_top1": 20.946, "eval_top5": 39.418, "eval_best_epoch": 4, "eval_best_acc1": 20.946, "lr": 0.1, "_timestamp": 1723395987.7168748, "_runtime": 3066.7794468402863, "_step": 4, "_wandb": {"runtime": 3216}}