{"epoch": 13, "train_loss": 2.8251502404777074, "train_lr": 0.1, "train_dataset_preprocessing_time": 0.5161457061767578, "train_train_time": 1916.135770559311, "train_epoch_time": 1916.6519162654877, "train_total_time": 26928.85386967659, "train_num_train_samples": 1281167, "train_num_augmented_samples": 1281167, "train_data_utilization": 100.0, "train_augmentation_utilization": 100.0, "eval_loss": 2.2976146031188964, "eval_top1": 47.516, "eval_top5": 73.632, "eval_best_epoch": 12, "eval_best_acc1": 48.03, "lr": 0.1, "_timestamp": 1723238454.274448, "_runtime": 27880.930605888367, "_step": 13, "_wandb": {"runtime": 28693}}