{"epoch": 89, "train_loss": 1.4684438807882374, "train_lr": 0.0010000000000000002, "train_dataset_preprocessing_time": 0.26123666763305664, "train_train_time": 1548.3693704605103, "train_epoch_time": 1548.6306071281433, "train_total_time": 60037.402384996414, "train_num_train_samples": 1281167, "train_num_augmented_samples": 0, "train_data_utilization": 43.275371421350826, "train_augmentation_utilization": 0.0, "eval_loss": 1.356950380859375, "eval_top1": 66.336, "eval_top5": 87.776, "lr": 0.0010000000000000002, "_timestamp": 1723157990.5533016, "_runtime": 66327.5595445633, "_step": 89, "_wandb": {"runtime": 66328}}