{"epoch": 89, "train_loss": 1.5795833461969528, "train_lr": 0.0010000000000000002, "train_dataset_preprocessing_time": 0.28134751319885254, "train_train_time": 415.16184973716736, "train_epoch_time": 415.4431972503662, "train_total_time": 41173.0349547863, "train_num_train_samples": 448408, "train_num_augmented_samples": 89681, "train_data_utilization": 34.999964875773415, "train_augmentation_utilization": 6.999946142852571, "eval_loss": 1.3546265742492676, "eval_top1": 66.756, "eval_top5": 87.47, "eval_best_epoch": 88, "eval_best_acc1": 66.884, "lr": 0.0010000000000000002, "_timestamp": 1723443912.0615554, "_runtime": 47447.85436940193, "_step": 89, "_wandb": {"runtime": 47448}}