{"epoch": 89, "train_loss": 2.9312356539761786, "train_lr": 0.0010000000000000002, "train_dataset_preprocessing_time": 0.5761079788208008, "train_train_time": 1454.423757314682, "train_epoch_time": 1454.9998652935028, "train_total_time": 56569.567247629166, "train_num_train_samples": 1281167, "train_num_augmented_samples": 1281167, "train_data_utilization": 45.06405921753804, "train_augmentation_utilization": 45.06405921753804, "eval_loss": 1.5562082963562012, "eval_top1": 63.274, "eval_top5": 84.754, "eval_best_epoch": 89, "eval_best_acc1": 63.274, "lr": 0.0010000000000000002, "_timestamp": 1723273008.3415077, "_runtime": 62659.94024467468, "_step": 89, "_wandb": {"runtime": 62661}}