{"epoch": 89, "train_loss": 1.5081078410677968, "train_lr": 0.0010000000000000002, "train_dataset_preprocessing_time": 0.3090972900390625, "train_train_time": 580.0521245002747, "train_epoch_time": 580.3612217903137, "train_total_time": 50081.06996059418, "train_num_train_samples": 576525, "train_num_augmented_samples": 115305, "train_data_utilization": 44.99998829192447, "train_augmentation_utilization": 8.999997658384896, "eval_loss": 1.3172209115600586, "eval_top1": 67.768, "eval_top5": 87.942, "eval_best_epoch": 88, "eval_best_acc1": 67.844, "lr": 0.0010000000000000002, "_timestamp": 1723392433.941335, "_runtime": 56033.2237598896, "_step": 89, "_wandb": {"runtime": 56034}}