{"epoch": 89, "train_loss": 1.4282150352555236, "train_lr": 0.0010000000000000002, "train_dataset_preprocessing_time": 0.2715423107147217, "train_train_time": 410.04634404182434, "train_epoch_time": 410.31788635253906, "train_total_time": 44860.31295990944, "train_num_train_samples": 512466, "train_num_augmented_samples": 0, "train_data_utilization": 39.99993755693051, "train_augmentation_utilization": 0.0, "eval_loss": 1.3344067725372315, "eval_top1": 67.452, "eval_top5": 87.832, "eval_best_epoch": 89, "eval_best_acc1": 67.452, "lr": 0.0010000000000000002, "_timestamp": 1723447495.7733417, "_runtime": 51028.172850608826, "_step": 89, "_wandb": {"runtime": 51029}}