{"epoch": 89, "train_loss": 2.886760857469888, "train_lr": 0.0010000000000000002, "train_dataset_preprocessing_time": 0.2868306636810303, "train_train_time": 2303.7311980724335, "train_epoch_time": 2304.0180287361145, "train_total_time": 116561.01511096954, "train_num_train_samples": 1281167, "train_num_augmented_samples": 1281167, "train_data_utilization": 47.92173420361627, "train_augmentation_utilization": 13.333333333333334, "eval_loss": 1.7756192154979706, "eval_top1": 59.022, "eval_top5": 81.986, "lr": 0.0010000000000000002, "_timestamp": 1722996817.158096, "_runtime": 125320.17282104492, "_step": 89, "_wandb": {"runtime": 125321}}