{"epoch": 6, "train_loss": 2.6598106804791817, "train_lr": 0.1, "train_dataset_preprocessing_time": 0.17561125755310059, "train_train_time": 526.2612454891205, "train_epoch_time": 526.4368567466736, "train_total_time": 3884.1342220306396, "train_num_train_samples": 576525, "train_num_augmented_samples": 0, "train_data_utilization": 44.99998829192447, "train_augmentation_utilization": 0.0, "eval_loss": 3.6453620623779295, "eval_top1": 26.408, "eval_top5": 49.64, "eval_best_epoch": 6, "eval_best_acc1": 26.408, "lr": 0.1, "_timestamp": 1723395594.9626567, "_runtime": 4294.675186634064, "_step": 6, "_wandb": {"runtime": 4838}}