{"epoch": 22, "train_loss": 3.710365254290157, "train_lr": 0.1, "train_dataset_preprocessing_time": 0.2946662902832031, "train_train_time": 2764.818004131317, "train_epoch_time": 2765.1126704216003, "train_total_time": 62087.77092075348, "train_num_train_samples": 1281167, "train_num_augmented_samples": 1281167, "train_data_utilization": 100.0, "train_augmentation_utilization": 100.0, "eval_loss": 3.40270146900177, "eval_top1": 29.582, "eval_top5": 55.526, "lr": 0.1, "_timestamp": 1722935849.3556883, "_runtime": 64339.074649333954, "_step": 22, "_wandb": {"runtime": 64453}}