{"epoch": 41, "train_loss": 1.6513107641518927, "train_lr": 0.010000000000000002, "train_dataset_preprocessing_time": 0.356403112411499, "train_train_time": 2145.207769393921, "train_epoch_time": 2145.5641725063324, "train_total_time": 99364.09838271141, "train_num_train_samples": 1281167, "train_num_augmented_samples": 1281167, "train_data_utilization": 100.0, "train_augmentation_utilization": 100.0, "eval_loss": 1.4372107597351074, "eval_top1": 65.01, "eval_top5": 86.492, "lr": 0.010000000000000002, "_timestamp": 1723040286.8437798, "_runtime": 103284.09392380714, "_step": 41, "_wandb": {"runtime": 103408}}