{"epoch": 27, "train_loss": 3.713185092671933, "train_lr": 0.1, "train_dataset_preprocessing_time": 0.12177276611328125, "train_train_time": 2555.823788166046, "train_epoch_time": 2555.9455609321594, "train_total_time": 76737.54147744179, "train_num_train_samples": 1281167, "train_num_augmented_samples": 0, "train_data_utilization": 100.0, "train_augmentation_utilization": 0.0, "eval_loss": 3.318673378753662, "eval_top1": 30.698, "eval_top5": 56.99, "lr": 0.1, "_timestamp": 1722950947.5128646, "_runtime": 79441.28047847748, "_step": 27, "_wandb": {"runtime": 81090}}