{"epoch": 89, "train_loss": 1.731492500079656, "train_lr": 0.0010000000000000002, "train_dataset_preprocessing_time": 0.30107903480529785, "train_train_time": 2393.245070695877, "train_epoch_time": 2393.5461497306824, "train_total_time": 110520.15611124039, "train_num_train_samples": 1281167, "train_num_augmented_samples": 1281167, "train_data_utilization": 45.82869021412162, "train_augmentation_utilization": 19.352335279735843, "eval_loss": 1.4422883144235612, "eval_top1": 65.112, "eval_top5": 86.566, "lr": 0.0010000000000000002, "_timestamp": 1722990803.6751964, "_runtime": 119303.2086853981, "_step": 89, "_wandb": {"runtime": 119303}}