{"epoch": 7, "train_loss": 4.131228814381716, "train_lr": 0.1, "train_dataset_preprocessing_time": 0.3407416343688965, "train_train_time": 591.3074371814728, "train_epoch_time": 591.6481788158417, "train_total_time": 6353.422295331955, "train_num_train_samples": 542327, "train_num_augmented_samples": 542327, "train_data_utilization": 55.76867613667851, "train_augmentation_utilization": 55.76867613667851, "eval_loss": 2.6714690943145754, "eval_top1": 38.822, "eval_top5": 67.792, "lr": 0.1, "_timestamp": 1723047957.004032, "_runtime": 6877.645053863525, "_step": 7, "_wandb": {"runtime": 6878}}