{"epoch": 89, "train_loss": 2.936332680796392, "train_lr": 0.0010000000000000002, "train_dataset_preprocessing_time": 0.3080713748931885, "train_train_time": 2316.968652486801, "train_epoch_time": 2317.2767238616943, "train_total_time": 115892.91535949707, "train_num_train_samples": 1281167, "train_num_augmented_samples": 1281167, "train_data_utilization": 48.05248218572945, "train_augmentation_utilization": 48.05248218572945, "eval_loss": 1.8127926266962289, "eval_top1": 58.516, "eval_top5": 81.412, "lr": 0.0010000000000000002, "_timestamp": 1722996210.4320807, "_runtime": 124709.9083147049, "_step": 89, "_wandb": {"runtime": 124710}}