{"epoch": 89, "train_loss": 2.8761992567325736, "train_lr": 0.0010000000000000002, "train_dataset_preprocessing_time": 0.2715756893157959, "train_train_time": 2379.359183073044, "train_epoch_time": 2379.6307587623596, "train_total_time": 112785.78901696205, "train_num_train_samples": 1281167, "train_num_augmented_samples": 1281167, "train_data_utilization": 47.86856306268686, "train_augmentation_utilization": 19.125677344691727, "eval_loss": 1.77685039309144, "eval_top1": 58.9, "eval_top5": 81.916, "lr": 0.0010000000000000002, "_timestamp": 1722993074.2611363, "_runtime": 121576.08372735977, "_step": 89, "_wandb": {"runtime": 121576}}