{"epoch": 89, "train_loss": 1.2624652568551658, "train_lr": 0.0010000000000000002, "train_dataset_preprocessing_time": 0.17491483688354492, "train_train_time": 956.4199242591858, "train_epoch_time": 956.5948390960693, "train_total_time": 75793.35813331604, "train_num_train_samples": 1281167, "train_num_augmented_samples": 0, "train_data_utilization": 71.17577784767933, "train_augmentation_utilization": 0.0, "eval_loss": 1.2584092901611328, "eval_top1": 69.02, "eval_top5": 88.95, "eval_best_epoch": 83, "eval_best_acc1": 69.126, "lr": 0.0010000000000000002, "_timestamp": 1723456413.0848768, "_runtime": 81790.28242874146, "_step": 89, "_wandb": {"runtime": 81791}}