{"epoch": 89, "train_loss": 2.6409396785222485, "train_lr": 0.0010000000000000002, "train_dataset_preprocessing_time": 0.18991994857788086, "train_train_time": 1143.9862632751465, "train_epoch_time": 1144.1761832237244, "train_total_time": 42827.41879415512, "train_num_train_samples": 1281167, "train_num_augmented_samples": 0, "train_data_utilization": 38.42200639469067, "train_augmentation_utilization": 0.0, "eval_loss": 1.5277877468109131, "eval_top1": 63.732, "eval_top5": 85.176, "eval_best_epoch": 86, "eval_best_acc1": 63.818, "lr": 0.0010000000000000002, "_timestamp": 1723312782.0185218, "_runtime": 49054.82086586952, "_step": 89, "_wandb": {"runtime": 49055}}