{"epoch": 0, "train_loss": 5.15319601747153, "train_lr": 0.1, "train_dataset_preprocessing_time": 0.04237532615661621, "train_train_time": 945.2852718830109, "train_epoch_time": 945.3276472091675, "train_total_time": 993.9770698547363, "train_num_train_samples": 1281167, "train_num_augmented_samples": 0, "train_data_utilization": 100.0, "train_augmentation_utilization": 0.0, "eval_loss": 7.491669688415527, "eval_top1": 0.526, "eval_top5": 2.212, "lr": 0.1, "_timestamp": 1723030185.9206958, "_runtime": 1000.7264637947083, "_step": 0, "_wandb": {"runtime": 1424}}