{"epoch": 89, "train_loss": 1.5255605203928135, "train_lr": 0.0010000000000000002, "train_dataset_preprocessing_time": 0.44113993644714355, "train_train_time": 1180.8592722415924, "train_epoch_time": 1181.3004121780396, "train_total_time": 126460.89544439316, "train_num_train_samples": 1281167, "train_num_augmented_samples": 1281167, "train_data_utilization": 100.0, "train_augmentation_utilization": 100.0, "eval_loss": 1.237308349533081, "eval_top1": 69.704, "eval_top5": 89.26, "lr": 0.0010000000000000002, "_timestamp": 1723173762.4900992, "_runtime": 132680.0938410759, "_step": 89, "_wandb": {"runtime": 132681}}