{"epoch": 89, "train_loss": 1.9090344699786055, "train_lr": 0.0010000000000000002, "train_dataset_preprocessing_time": 0.5295615196228027, "train_train_time": 1193.1158666610718, "train_epoch_time": 1193.6454281806946, "train_total_time": 42860.774532556534, "train_num_train_samples": 1281167, "train_num_augmented_samples": 1281167, "train_data_utilization": 35.526333066302485, "train_augmentation_utilization": 20.49704076222867, "eval_loss": 1.4191153789520263, "eval_top1": 64.766, "eval_top5": 86.87, "eval_best_epoch": 89, "eval_best_acc1": 64.766, "lr": 0.0010000000000000002, "_timestamp": 1723315601.8016086, "_runtime": 49075.20243358612, "_step": 89, "_wandb": {"runtime": 49076}}