{"epoch": 89, "train_loss": 1.578297339326186, "train_lr": 0.0010000000000000002, "train_dataset_preprocessing_time": 0.5262057781219482, "train_train_time": 1312.3214221000671, "train_epoch_time": 1312.847627878189, "train_total_time": 88282.819886446, "train_num_train_samples": 1281167, "train_num_augmented_samples": 1281167, "train_data_utilization": 72.14837722170489, "train_augmentation_utilization": 72.14837722170489, "eval_loss": 1.260375930633545, "eval_top1": 68.798, "eval_top5": 88.868, "lr": 0.0010000000000000002, "_timestamp": 1723199106.2011867, "_runtime": 94306.94807076454, "_step": 89, "_wandb": {"runtime": 94307}}