{"epoch": 1, "train_loss": 3.6649844882299574, "train_lr": 0.1, "train_dataset_preprocessing_time": 0.16188716888427734, "train_train_time": 1121.478837966919, "train_epoch_time": 1121.6407251358032, "train_total_time": 2277.7174065113068, "train_num_train_samples": 1281167, "train_num_augmented_samples": 0, "train_data_utilization": 100.0, "train_augmentation_utilization": 0.0, "eval_loss": 3.141525250091553, "eval_top1": 32.362, "eval_top5": 58.73, "lr": 0.1, "_timestamp": 1723027482.16217, "_runtime": 2333.7591319084167, "_step": 1, "_wandb": {"runtime": 3317}}