{"epoch": 89, "train_loss": 1.7933986375419546, "train_lr": 0.0010000000000000002, "train_dataset_preprocessing_time": 0.6110684871673584, "train_train_time": 1397.0187289714813, "train_epoch_time": 1397.6297974586487, "train_total_time": 58280.57528543472, "train_num_train_samples": 1281167, "train_num_augmented_samples": 1281167, "train_data_utilization": 43.580854191703516, "train_augmentation_utilization": 19.60209368142916, "eval_loss": 1.3594240277862548, "eval_top1": 66.13, "eval_top5": 87.628, "lr": 0.0010000000000000002, "_timestamp": 1723105618.491718, "_runtime": 64539.82624912262, "_step": 89, "_wandb": {"runtime": 64541}}