{"epoch": 89, "train_loss": 1.3956377917675853, "train_lr": 0.0010000000000000002, "train_dataset_preprocessing_time": 0.24887371063232422, "train_train_time": 1284.5940399169922, "train_epoch_time": 1284.8429136276245, "train_total_time": 46574.42954444885, "train_num_train_samples": 1281167, "train_num_augmented_samples": 0, "train_data_utilization": 42.97276103219435, "train_augmentation_utilization": 0.0, "eval_loss": 1.354861693649292, "eval_top1": 66.514, "eval_top5": 87.724, "eval_best_epoch": 89, "eval_best_acc1": 66.514, "lr": 0.0010000000000000002, "_timestamp": 1723262862.5048976, "_runtime": 52510.964589595795, "_step": 89, "_wandb": {"runtime": 52512}}