{"epoch": 35, "train_loss": 2.0591525103786923, "train_lr": 0.010000000000000002, "train_dataset_preprocessing_time": 0.28919363021850586, "train_train_time": 709.3084282875061, "train_epoch_time": 709.5976219177246, "train_total_time": 33603.21439385414, "train_num_train_samples": 841658, "train_num_augmented_samples": 0, "train_data_utilization": 69.63758432741399, "train_augmentation_utilization": 0.0, "eval_loss": 1.4535153678131103, "eval_top1": 64.206, "eval_top5": 86.258, "eval_best_epoch": 35, "eval_best_acc1": 64.206, "lr": 0.010000000000000002, "_timestamp": 1723210119.8571107, "_runtime": 35757.667489767075, "_step": 35, "_wandb": {"runtime": 35780}}