{"epoch": 6, "train_loss": 3.8784233360290528, "train_lr": 0.1, "train_dataset_preprocessing_time": 0.32465314865112305, "train_train_time": 657.2044472694397, "train_epoch_time": 657.5291004180908, "train_total_time": 6171.080619573593, "train_num_train_samples": 544005, "train_num_augmented_samples": 0, "train_data_utilization": 56.74631019999734, "train_augmentation_utilization": 0.0, "eval_loss": 2.641299079284668, "eval_top1": 39.898, "eval_top5": 68.558, "lr": 0.1, "_timestamp": 1723047677.8600276, "_runtime": 6602.878494501114, "_step": 6, "_wandb": {"runtime": 6878}}