{"epoch": 89, "train_loss": 1.927292455686088, "train_lr": 0.0010000000000000002, "train_dataset_preprocessing_time": 0.41717004776000977, "train_train_time": 1086.5415074825287, "train_epoch_time": 1086.9586775302887, "train_total_time": 86570.52824378014, "train_num_train_samples": 1281167, "train_num_augmented_samples": 1281167, "train_data_utilization": 71.9760178719003, "train_augmentation_utilization": 71.9760178719003, "eval_loss": 1.2821942063903808, "eval_top1": 68.724, "eval_top5": 88.658, "eval_best_epoch": 89, "eval_best_acc1": 68.724, "lr": 0.0010000000000000002, "_timestamp": 1723204668.9835591, "_runtime": 92561.4677400589, "_step": 89, "_wandb": {"runtime": 92562}}