{"epoch": 13, "train_loss": 2.4051610311444143, "train_lr": 0.1, "train_dataset_preprocessing_time": 0.2582087516784668, "train_train_time": 1972.5629773139954, "train_epoch_time": 1972.8211860656738, "train_total_time": 27697.66931438446, "train_num_train_samples": 1281167, "train_num_augmented_samples": 0, "train_data_utilization": 100.0, "train_augmentation_utilization": 0.0, "eval_loss": 2.1775591864013673, "eval_top1": 49.874, "eval_top5": 75.476, "eval_best_epoch": 13, "eval_best_acc1": 49.874, "lr": 0.1, "_timestamp": 1723239113.2627409, "_runtime": 28647.142204761505, "_step": 13, "_wandb": {"runtime": 28798}}