{"epoch": 89, "train_loss": 1.4797798442813344, "train_lr": 0.0010000000000000002, "train_dataset_preprocessing_time": 0.2641568183898926, "train_train_time": 437.8576891422272, "train_epoch_time": 438.12184596061707, "train_total_time": 39980.418414115906, "train_num_train_samples": 448408, "train_num_augmented_samples": 0, "train_data_utilization": 34.999964875773415, "train_augmentation_utilization": 0.0, "eval_loss": 1.3629225728607177, "eval_top1": 66.59, "eval_top5": 87.422, "eval_best_epoch": 87, "eval_best_acc1": 66.62, "lr": 0.0010000000000000002, "_timestamp": 1723442653.653885, "_runtime": 46254.613622903824, "_step": 89, "_wandb": {"runtime": 46255}}