{"epoch": 34, "train_loss": 2.6775848989785014, "train_lr": 0.010000000000000002, "train_dataset_preprocessing_time": 0.3284015655517578, "train_train_time": 704.7929539680481, "train_epoch_time": 705.1213555335999, "train_total_time": 33019.61282944679, "train_num_train_samples": 840658, "train_num_augmented_samples": 0, "train_data_utilization": 69.61726524109882, "train_augmentation_utilization": 0.0, "eval_loss": 1.48060322807312, "eval_top1": 64.03, "eval_top5": 85.73, "eval_best_epoch": 34, "eval_best_acc1": 64.03, "lr": 0.010000000000000002, "_timestamp": 1723209449.768666, "_runtime": 35089.651955127716, "_step": 34, "_wandb": {"runtime": 35781}}