{"epoch": 89, "train_loss": 1.8634434208261976, "train_lr": 0.0010000000000000002, "train_dataset_preprocessing_time": 0.5582332611083984, "train_train_time": 1342.3854196071625, "train_epoch_time": 1342.9436528682709, "train_total_time": 44888.75699830055, "train_num_train_samples": 1281167, "train_num_augmented_samples": 1281167, "train_data_utilization": 38.861477248650814, "train_augmentation_utilization": 20.126464560999636, "eval_loss": 1.3859000160217285, "eval_top1": 65.516, "eval_top5": 87.38, "eval_best_epoch": 88, "eval_best_acc1": 65.568, "lr": 0.0010000000000000002, "_timestamp": 1723387190.4714563, "_runtime": 50786.356030225754, "_step": 89, "_wandb": {"runtime": 50787}}