{"epoch": 12, "train_loss": 3.0745131816999525, "train_lr": 0.1, "train_dataset_preprocessing_time": 0.2207505702972412, "train_train_time": 518.8272523880005, "train_epoch_time": 519.0480029582977, "train_total_time": 7309.332622528076, "train_num_train_samples": 576525, "train_num_augmented_samples": 57652, "train_data_utilization": 44.99998829192447, "train_augmentation_utilization": 4.499959802274021, "eval_loss": 2.8051640760803225, "eval_top1": 37.53, "eval_top5": 64.964, "eval_best_epoch": 12, "eval_best_acc1": 37.53, "lr": 0.1, "_timestamp": 1723395928.431842, "_runtime": 8127.3969831466675, "_step": 12, "_wandb": {"runtime": 8330}}