{"epoch": 89, "train_loss": 1.461420240852949, "train_lr": 0.0010000000000000002, "train_dataset_preprocessing_time": 0.2460615634918213, "train_train_time": 1254.2016320228577, "train_epoch_time": 1254.4476935863495, "train_total_time": 40299.69554901123, "train_num_train_samples": 1281167, "train_num_augmented_samples": 0, "train_data_utilization": 37.678036248722194, "train_augmentation_utilization": 0.0, "eval_loss": 1.3760050099182128, "eval_top1": 65.82, "eval_top5": 87.392, "eval_best_epoch": 89, "eval_best_acc1": 65.82, "lr": 0.0010000000000000002, "_timestamp": 1723382568.2731287, "_runtime": 46163.76599884033, "_step": 89, "_wandb": {"runtime": 46164}}