{"epoch": 89, "train_loss": 2.8925324309016376, "train_lr": 0.0010000000000000002, "train_dataset_preprocessing_time": 0.5526771545410156, "train_train_time": 1435.556930065155, "train_epoch_time": 1436.109607219696, "train_total_time": 60589.25709080696, "train_num_train_samples": 1281167, "train_num_augmented_samples": 1281167, "train_data_utilization": 45.123618631381476, "train_augmentation_utilization": 19.43067531399107, "eval_loss": 1.555076262664795, "eval_top1": 63.158, "eval_top5": 84.738, "lr": 0.0010000000000000002, "_timestamp": 1723114845.9452016, "_runtime": 66782.42546868324, "_step": 89, "_wandb": {"runtime": 66783}}