{"epoch": 89, "train_loss": 1.765878297507657, "train_lr": 0.0010000000000000002, "train_dataset_preprocessing_time": 0.5334222316741943, "train_train_time": 652.8640694618225, "train_epoch_time": 653.3974916934967, "train_total_time": 55571.45825839043, "train_num_train_samples": 576525, "train_num_augmented_samples": 576525, "train_data_utilization": 44.99998829192447, "train_augmentation_utilization": 44.99998829192447, "eval_loss": 1.339171643600464, "eval_top1": 67.216, "eval_top5": 87.61, "eval_best_epoch": 83, "eval_best_acc1": 67.296, "lr": 0.0010000000000000002, "_timestamp": 1723397910.4894037, "_runtime": 61508.20927762985, "_step": 89, "_wandb": {"runtime": 61509}}