{"epoch": 89, "train_loss": 1.5361985142144008, "train_lr": 0.0010000000000000002, "train_dataset_preprocessing_time": 0.22056269645690918, "train_train_time": 390.09630036354065, "train_epoch_time": 390.31686305999756, "train_total_time": 46061.727157115936, "train_num_train_samples": 512466, "train_num_augmented_samples": 102493, "train_data_utilization": 39.99993755693051, "train_augmentation_utilization": 7.999971900618733, "eval_loss": 1.341973833694458, "eval_top1": 67.196, "eval_top5": 87.6, "eval_best_epoch": 87, "eval_best_acc1": 67.272, "lr": 0.0010000000000000002, "_timestamp": 1723448666.3214245, "_runtime": 52196.94726848602, "_step": 89, "_wandb": {"runtime": 52198}}