{"epoch": 89, "train_loss": 1.9531546837286942, "train_lr": 0.0010000000000000002, "train_dataset_preprocessing_time": 0.40802669525146484, "train_train_time": 1018.7153508663177, "train_epoch_time": 1019.1233775615692, "train_total_time": 87992.68345236778, "train_num_train_samples": 1281167, "train_num_augmented_samples": 1281167, "train_data_utilization": 71.92152068300923, "train_augmentation_utilization": 41.411776225200235, "eval_loss": 1.2740697267913819, "eval_top1": 68.828, "eval_top5": 88.564, "eval_best_epoch": 89, "eval_best_acc1": 68.828, "lr": 0.0010000000000000002, "_timestamp": 1723208816.8781614, "_runtime": 93830.19553732872, "_step": 89, "_wandb": {"runtime": 93830}}