{"epoch": 89, "train_loss": 1.5887882714029506, "train_lr": 0.0010000000000000002, "train_dataset_preprocessing_time": 0.48789072036743164, "train_train_time": 1181.4349102973938, "train_epoch_time": 1181.9228010177612, "train_total_time": 90433.36818575859, "train_num_train_samples": 1281167, "train_num_augmented_samples": 1281167, "train_data_utilization": 71.9345886298282, "train_augmentation_utilization": 41.398708278381264, "eval_loss": 1.2416242461395264, "eval_top1": 69.286, "eval_top5": 89.07, "lr": 0.0010000000000000002, "_timestamp": 1723202179.386314, "_runtime": 96412.44825100899, "_step": 89, "_wandb": {"runtime": 96413}}