{"epoch": 89, "train_loss": 2.3007714481326906, "train_lr": 0.0010000000000000002, "train_dataset_preprocessing_time": 0.23640060424804688, "train_train_time": 1268.1984515190125, "train_epoch_time": 1268.4348521232605, "train_total_time": 47370.26870179176, "train_num_train_samples": 1281167, "train_num_augmented_samples": 0, "train_data_utilization": 43.780639057983855, "train_augmentation_utilization": 0.0, "eval_loss": 1.5116904392242432, "eval_top1": 64.072, "eval_top5": 85.338, "eval_best_epoch": 89, "eval_best_acc1": 64.072, "lr": 0.0010000000000000002, "_timestamp": 1723263650.308223, "_runtime": 53343.905148983, "_step": 89, "_wandb": {"runtime": 53345}}