{"epoch": 89, "train_loss": 1.735580438928162, "train_lr": 0.0010000000000000002, "train_dataset_preprocessing_time": 0.5581207275390625, "train_train_time": 1449.6269099712372, "train_epoch_time": 1450.1850306987762, "train_total_time": 56551.64340901375, "train_num_train_samples": 1281167, "train_num_augmented_samples": 1281167, "train_data_utilization": 44.14922315184342, "train_augmentation_utilization": 44.14922315184342, "eval_loss": 1.3589722508239745, "eval_top1": 66.122, "eval_top5": 87.632, "lr": 0.0010000000000000002, "_timestamp": 1723104290.2329035, "_runtime": 62840.43751859665, "_step": 89, "_wandb": {"runtime": 62841}}