{"epoch": 89, "train_loss": 1.8170750391521424, "train_lr": 0.0010000000000000002, "train_dataset_preprocessing_time": 0.6349039077758789, "train_train_time": 1371.3492226600647, "train_epoch_time": 1371.9841265678406, "train_total_time": 51415.48752903938, "train_num_train_samples": 1281167, "train_num_augmented_samples": 1281167, "train_data_utilization": 41.60946664685834, "train_augmentation_utilization": 41.60946664685834, "eval_loss": 1.3734906918334961, "eval_top1": 65.946, "eval_top5": 87.426, "eval_best_epoch": 88, "eval_best_acc1": 66.006, "lr": 0.0010000000000000002, "_timestamp": 1723393724.5373518, "_runtime": 57318.438438892365, "_step": 89, "_wandb": {"runtime": 57319}}