{"epoch": 89, "train_loss": 1.7912775649488877, "train_lr": 0.0010000000000000002, "train_dataset_preprocessing_time": 0.4839167594909668, "train_train_time": 1462.2997317314148, "train_epoch_time": 1462.7836484909058, "train_total_time": 55642.88371968269, "train_num_train_samples": 1281167, "train_num_augmented_samples": 1281167, "train_data_utilization": 44.208559678619395, "train_augmentation_utilization": 44.208559678619395, "eval_loss": 1.364908102722168, "eval_top1": 66.132, "eval_top5": 87.506, "eval_best_epoch": 88, "eval_best_acc1": 66.202, "lr": 0.0010000000000000002, "_timestamp": 1723272041.3818004, "_runtime": 61688.662100315094, "_step": 89, "_wandb": {"runtime": 61690}}