{"epoch": 12, "train_loss": 2.892641090902088, "train_lr": 0.1, "train_dataset_preprocessing_time": 0.16889214515686035, "train_train_time": 509.92280316352844, "train_epoch_time": 510.0916953086853, "train_total_time": 7199.274015426636, "train_num_train_samples": 576525, "train_num_augmented_samples": 0, "train_data_utilization": 44.99998829192447, "train_augmentation_utilization": 0.0, "eval_loss": 2.7911157318878175, "eval_top1": 37.892, "eval_top5": 65.224, "eval_best_epoch": 12, "eval_best_acc1": 37.892, "lr": 0.1, "_timestamp": 1723395812.8511572, "_runtime": 8015.102706193924, "_step": 12, "_wandb": {"runtime": 8333}}