{"epoch": 89, "train_loss": 1.7347827695689009, "train_lr": 0.0010000000000000002, "train_dataset_preprocessing_time": 0.3228490352630615, "train_train_time": 2492.767886161804, "train_epoch_time": 2493.0907351970673, "train_total_time": 112057.58952713013, "train_num_train_samples": 1281167, "train_num_augmented_samples": 1281167, "train_data_utilization": 45.852847009362904, "train_augmentation_utilization": 45.852847009362904, "eval_loss": 1.4472035991680623, "eval_top1": 64.824, "eval_top5": 86.484, "lr": 0.0010000000000000002, "_timestamp": 1722992342.9687738, "_runtime": 120837.94248890877, "_step": 89, "_wandb": {"runtime": 120838}}