{"epoch": 89, "train_loss": 1.8701324775922212, "train_lr": 0.0010000000000000002, "train_dataset_preprocessing_time": 0.3589656352996826, "train_train_time": 1027.3171508312225, "train_epoch_time": 1027.6761164665222, "train_total_time": 45432.75911283493, "train_num_train_samples": 1281167, "train_num_augmented_samples": 1281167, "train_data_utilization": 37.718740457376406, "train_augmentation_utilization": 37.718740457376406, "eval_loss": 1.4018814118957519, "eval_top1": 65.122, "eval_top5": 87.102, "eval_best_epoch": 89, "eval_best_acc1": 65.122, "lr": 0.0010000000000000002, "_timestamp": 1723323636.9080548, "_runtime": 51517.95658278465, "_step": 89, "_wandb": {"runtime": 51518}}