{"epoch": 6, "train_loss": 3.9456852777877214, "train_lr": 0.1, "train_dataset_preprocessing_time": 0.40794897079467773, "train_train_time": 654.8813421726227, "train_epoch_time": 655.2892911434174, "train_total_time": 6106.112671613693, "train_num_train_samples": 546169, "train_num_augmented_samples": 81666, "train_data_utilization": 56.78105530794525, "train_augmentation_utilization": 4.802072753089287, "eval_loss": 2.65907773979187, "eval_top1": 39.21, "eval_top5": 68.268, "lr": 0.1, "_timestamp": 1723047627.0503938, "_runtime": 6549.702300786972, "_step": 6, "_wandb": {"runtime": 6877}}