{"epoch": 72, "train_loss": 9.076692080881404, "train_lr": 0.0010000000000000002, "train_dataset_preprocessing_time": 0.22000479698181152, "train_train_time": 217.4434278011322, "train_epoch_time": 217.663432598114, "train_total_time": 30038.43127655983, "train_num_train_samples": 254056, "train_num_augmented_samples": 0, "train_data_utilization": 30.454744540430823, "train_augmentation_utilization": 0.0, "eval_loss": 1.5579024006652833, "eval_top1": 62.656, "eval_top5": 84.67, "eval_best_epoch": 72, "eval_best_acc1": 62.656, "lr": 0.0010000000000000002, "_timestamp": 1723209972.3463392, "_runtime": 34307.018381118774, "_step": 72, "_wandb": {"runtime": 34475}}